,Number of Songs,Artist Name,Artist Location,Duration,Title,Release,Year,Danceability,Energy,Mode,Tempo
0,1,Casual,California - LA,218.93179,I Didn't Mean To,Fear Itself,0,0.0,0.0,0,92.198
1,1,The Box Tops,"Memphis, TN",148.03546,Soul Deep,Dimensions,1969,0.0,0.0,0,121.274
2,1,Sonora Santanera,,177.47546,Amor De Cabaret,Las Numero 1 De La Sonora Santanera,0,0.0,0.0,1,100.07
3,1,Adam Ant,"London, England",233.40363,Something Girls,Friend Or Foe,1982,0.0,0.0,1,119.293
4,1,Gob,,209.60608,Face the Ashes,Muertos Vivos,2007,0.0,0.0,1,129.738
5,1,Jeff And Sheri Easter,,267.7024,The Moon And I (Ordinary Day Album Version),Ordinary Day,0,0.0,0.0,1,147.782
6,1,Rated R,Ohio,114.78159,Keepin It Real (Skit),Da Ghetto Psychic,0,0.0,0.0,1,111.787
7,1,Tweeterfriendly Music,"Burlington, Ontario, Canada",189.57016,Drop of Rain,Gin & Phonic,0,0.0,0.0,0,101.43
8,1,Planet P Project,,269.81832,Pink World,Pink World,1984,0.0,0.0,1,86.643
9,1,Clp,,266.39628,Insatiable (Instrumental Version),Superinstrumental,0,0.0,0.0,0,114.041
10,1,JennyAnyKind,North Carolina,218.77506,Young Boy Blues,I Need You,0,0.0,0.0,0,146.765
11,1,Wayne Watson,"Wisner, LA",245.21098,The Urgency (LP Version),The Way Home,0,0.0,0.0,1,117.975
12,1,Andy Andy,,226.35057,La Culpa,Placer & Castigo,0,0.0,0.0,1,130.04
13,1,Bob Azzam,,191.84281,Auguri Cha Cha,Arrivederci,0,0.0,0.0,0,137.334
14,1,Lionel Richie,"Beverly Hills, CA",307.3824,Tonight Will Be Alright,Dancing On The Ceiling,1986,0.0,0.0,1,125.197
15,1,Blue Rodeo,"Toronto, Ontario, Canada",491.12771,Floating,Outskirts,1987,0.0,0.0,1,119.826
16,1,Richard Souther,United States,228.5971,High Tide,Cross Currents,0,0.0,0.0,1,127.756
17,1,Faiz Ali Faiz,,599.24853,Sohna Nee Sohna Data,Panjtan Ka Ghulam,0,0.0,0.0,1,99.273
18,1,Tesla,,290.29832,Caught In A Dream,Gold,2004,0.0,0.0,1,150.062
19,1,lextrical,,165.69424,Synthetic Dream,Whatever Happened To Boredom?,0,0.0,0.0,1,138.331
20,1,Jimmy Wakely,"Mineola, AR",151.84934,Broken-Down Merry-Go-Round,1942-1952 Jimmy Wakely,0,0.0,0.0,1,86.186
21,1,Alice Stuart,Washington,220.78649,Kassie Jones,All The Good Times,0,0.0,0.0,1,110.382
22,1,Elena,Dubai UAE,269.58322,Setanta matins,Un cafe_ setanta matins,0,0.0,0.0,1,111.874
23,1,The Dillinger Escape Plan,"Morris Plains, NJ",207.77751,Setting Fire to Sleeping Giants,Miss Machine,2004,0.0,0.0,1,166.862
24,1,SUE THOMPSON,"Nevada, MO",124.86485,James (Hold The Ladder Steady),Sue Thompson - Her Very Best,1985,0.0,0.0,1,137.522
25,1,Five Bolt Main,,225.09669,Made Like This (Live),Live,0,0.0,0.0,1,164.672
26,1,Clp,,338.31138,Superconfidential,Strictly Confidential,0,0.0,0.0,0,125.006
27,1,Tim Wilson,Georgia,186.48771,I Think My Wife Is Running Around On Me (Taco Hell),The Real Twang Thang,2005,0.0,0.0,1,90.022
28,1,Willie Bobo,"New York, NY [Spanish Harlem]",168.25424,Spanish Grease,Willie Bobo's Finest Hour,1997,0.0,0.0,1,127.025
29,1,Faye Adams,"Newark, NJ",156.39465,Crazy Mixed Up World,Shake A Hand,1961,0.0,0.0,1,95.957
30,1,Terry Callier,Chicago,342.56934,Do You Finally Need A Friend,Occasional Rain,1972,0.0,0.0,1,110.189
31,1,John Wesley,Brandon,484.62322,The Emperor Falls,The Emperor Falls,0,0.0,0.0,0,138.007
32,1,The Shangri-Las,"Queens, NY",164.80608,Twist and Shout,Best of The Shangri-Las,1964,0.0,0.0,1,130.1
33,1,Billie Jo Spears,"Beaumont, TX",133.32853,It Makes No Difference Now,20 Of Her Best,1992,0.0,0.0,1,160.839
34,1,Mike Jones (Featuring CJ_ Mello & Lil' Bran),"Houston, TX",173.66159,Laws Patrolling (Album Version),Who Is Mike Jones?,0,0.0,0.0,1,41.993
35,1,Sierra Maestra,,313.12934,¿Dónde va Chichi?,Tibiri Tabara,1997,0.0,0.0,1,189.646
36,1,Butthole Surfers,"San Antonio, TX",450.84689,"Barking Dogs (From ""Piouhgd"")",Piouhgd + Widowermaker!,0,0.0,0.0,0,130.586
37,1,Despina Vandi,,303.09832,OUTE ENA EFHARISTO,Profities,0,0.0,0.0,0,128.292
38,1,Javier Navarrete,,128.83546,Midnight Swim,Cracks,0,0.0,0.0,1,90.932
39,1,Jacob Young,,456.30649,In A Subtle Way,Pieces Of Time,0,0.0,0.0,1,89.667
40,1,Scarlet's Remains,California - LA,198.73914,Spin,The Palest Grey,2007,0.0,0.0,1,115.061
41,1,The Suicide Machines,"Detroit, MI",95.68608,Burning In The Aftermath,A Match & Some Gasoline,2003,0.0,0.0,1,115.887
42,1,The Rolling Stones,"London, England",271.49016,Angie (1993 Digital Remaster),Jump Back - The Best Of The Rolling Stones_ '71-'93,0,0.0,0.0,0,139.333
43,1,Roberto Torres,,226.66404,Sabor Guajiro,Lo Mejor con La Orq. Broadway,0,0.0,0.0,1,117.271
44,1,Loudon Wainwright III,"Chapel Hill, NC",190.48444,Human Cannonball,Grown Man,1995,0.0,0.0,1,102.428
45,1,R.L. Burnside,"Oxford, MS",277.78567,Glory Be,A Bothered Mind,2004,0.0,0.0,1,89.984
46,1,Stevie Ray Vaughan,"Dallas, TX",248.78975,Crossfire,Greatest Hits,1992,0.0,0.0,1,116.721
47,1,John Hammond,,195.3171,I Can't Be Satisfied,Bluesman,2002,0.0,0.0,1,123.142
48,1,Casiotone For The Painfully Alone,,175.72526,Nashville Parthenon,Etiquette,2006,0.0,0.0,1,141.919
49,1,Ec8or,"Berlin, Germany",217.23383,Cocain Ducks,Ec8or,1995,0.0,0.0,0,95.596
50,1,The New York Dolls,"New York, NY",344.05832,Human Being,Too Much Too Soon,1974,0.0,0.0,1,154.953
51,1,Eliane Elias,"Sao Paulo, Brazil",251.42812,The More I See You,Bossa Nova Stories,2009,0.0,0.0,1,86.091
52,1,Lost Boyz,"South Jamaica, Queens",269.7922,Certain Things We Do,Love_ Peace & Nappiness,1997,0.0,0.0,1,90.218
53,1,The Germs,"Los Angeles, CA",206.05342,Forming,Germicide,1977,0.0,0.0,0,133.144
54,1,Yamandu Costa,,190.04036,Mafuá,Mafuá,0,0.0,0.0,1,205.317
55,1,Chris Rea,"Middlesbrough, England",241.162,Driving Home For Christmas,The Road To Hell Part 2,1986,0.0,0.0,1,180.149
56,1,Perrey And Kingsley,,122.64444,Spooks In Space,Vanguard Visionaries,1966,0.0,0.0,0,102.538
57,1,Eurythmics,"London, England",207.0722,Tous Les Garçons Et Les Filles,Be Yourself Tonight,1985,0.0,0.0,1,84.164
58,1,Francis Dunnery,"Egremont, Cumbria, England",300.79955,Too Much Saturn,Hometown 2001,1995,0.0,0.0,1,124.175
59,1,John Cale,"Garnant, Wales",228.46649,Movement 4 [from Kiss] (Album Version),Eat / Kiss: Music For The Films By Andy Warhol,1997,0.0,0.0,1,137.004
60,1,Suzanne Ciani,California - SF,239.59465,Stream,The Ultimate Most Relaxing New Age Piano in the Universe,0,0.0,0.0,1,106.33
61,1,Vickie Winans,,228.93669,Make Me Over,Classic Gold: Best of All,0,0.0,0.0,0,107.961
62,1,The Berzerker,"Melbourne, Australia",165.61587,Deform (live),The Berzerker,2000,0.0,0.0,1,174.287
63,1,Kings Of Leon,"Nashville, Tennessee",187.92444,Wicker Chair,Holy Roller Novocaine,2003,0.0,0.0,1,116.823
64,1,Edith Lefel,,276.50567,An ti chans',Jeux de dames_ vol. 1 (réalisation Ronald Rubinel),0,0.0,0.0,1,101.972
65,1,Taras,,200.25424,I Will Love Again (JJ's Club Radio),I Will Love Again,0,0.0,0.0,0,127.97
66,1,NOFX,"Berkeley, CA",144.50893,Stickin In My Eye,White Trash ......,1992,0.0,0.0,0,152.622
67,1,Murskahumppa,,285.17832,Ota kiinni,Murskapunkkia,0,0.0,0.0,1,110.787
68,1,Soda Stereo,,246.69995,Entre Caníbales,Canción Animal,1990,0.0,0.0,1,112.903
69,1,Bruce Rowland,AUSTRALIA,84.03546,Rosemary Recalls,The Man from Snowy River,1985,0.0,0.0,1,115.642
70,1,Xcultures,,273.52771,Sudanese Dance,One World One People,2000,0.0,0.0,1,125.013
71,1,White Heart,,298.84036,Where The Thunder Roars (Tales Of Wonder Album Version),Tales Of Wonder,0,0.0,0.0,1,113.277
72,1,Heavy D / McGruff,"Jamaica, West Indies",161.38404,Wanna Be A Player,Waterbed Hev,1997,0.0,0.0,0,96.979
73,1,Van Halen,"Pasadena, CA",209.29261,Panama (Remastered Album Version),The Best Of Both Worlds,0,0.0,0.0,1,140.995
74,1,Black Eyed Peas,"Los Angeles, CA",229.61587,Let's Get It Started,Total Workout Running 102 - 135 - 84bpm Ideal For Jogging_ Running_ Treadmill & General Fitness,2004,0.0,0.0,0,105.206
75,1,Nine Inch Nails,"Cleveland, OH",426.89261,Metal,Things Falling Apart,2000,0.0,0.0,0,63.017
76,1,Nick Cave & The Bad Seeds,,269.26975,She Fell Away (2009 Digital Remaster),Your Funeral... My Trial (2009 Digital Remaster),0,0.0,0.0,0,144.603
77,1,Nadine Renee,,249.41669,Next Time,Oasis of Love,0,0.0,0.0,1,167.92
78,1,Lesley Gore,"New York, NY",136.48934,It's My Party,60's Triple set,1963,0.0,0.0,1,129.122
79,1,Smartbomb,,233.27302,Complicate It,Yeah.  Well_ Anyway....,2001,0.0,0.0,1,132.022
80,1,Suburbs,Minnesota,187.24526,Monde De Fou,Un Titre de Toune,2005,0.0,0.0,1,183.92
81,1,Emperor,Norway,72.61995,Opus a Satana (Part 2),Live Inferno,0,0.0,0.0,0,89.867
82,1,Julien Clerc,FR,272.63955,This Melody (Live),Vendredi 13 - 1981,0,0.0,0.0,1,119.896
83,1,Glen Campbell,"Delight, AR",142.75873,I'm Gone This Time,Unconditional Love,0,0.0,0.0,0,137.29
84,1,T.G. Sheppard,"Humboldt, TN",194.11546,You Feel Good All Over,The Very Best Of,2002,0.0,0.0,1,82.343
85,1,Slim Whitman,"Tampa, FL",195.91791,Indian Love Call,Country Lovers. Vol. 3,1990,0.0,0.0,1,91.487
86,1,Savage Garden,CA,118.33424,You Can Still Be Free,Affirmation,1999,0.0,0.0,0,84.69
87,1,Queens Of The Stone Age,,288.41751,I Never Came,Lullabies To Paralyze,2005,0.0,0.0,1,115.606
88,1,Hank Penny & The Lincoln Penny Orchestra,"Birmingham, AL",123.21914,Dixie,It's War Again,0,0.0,0.0,0,126.523
89,1,Inspiral Carpets,"Manchester, England",283.76771,Commercial Reign,The Singles,1990,0.0,0.0,1,113.677
90,1,Borialis,,239.3073,Hourglass,What You Thought You Heard,0,0.0,0.0,1,86.938
91,1,The Dirty Skirts,,206.75873,Wake,Daddy Don't Disco,0,0.0,0.0,1,141.936
92,1,Flor Silvestre,,134.81751,Caricia Y Herida,15 Exitos Vol. 2 Flor Silvestre,0,0.0,0.0,1,106.049
93,1,Bézu,"Bézu, comme Superdupont, ne connait qu&#039;un pays : la France !",285.64853,Le tortillard,Le top du père Nöel,0,0.0,0.0,1,126.88
94,1,Redman,"Newark, NJ",124.18567,WKYA (drop),Malpractice,2001,0.0,0.0,0,85.008
95,1,Solistiyhtye Suomi,,134.08608,Teräslintu,20 Suosikkia / Rilluttele yö,0,0.0,0.0,0,133.699
96,1,Eddie Cantor,"New York, NY",155.61098,Now's The Time To Fall In Love,The Fabulous Eddie Cantor,0,0.0,0.0,1,118.975
97,1,Schizoid,,275.40853,Grim Prospects (Gross Prospects - Bad Trip Remix),Grim Prospects Remixes - Grim Prospects Will Never End,0,0.0,0.0,1,102.408
98,1,Kai Winding,"Aarhus, Denmark",223.4771,Mangos,The Incredible Kai Winding Trombones,1961,0.0,0.0,1,112.006
99,1,Sonny Simmons,"Sicily Island, LA",443.24526,A Distant Voice,Staying on the Watch,0,0.0,0.0,1,45.527
100,1,Mira,"Tallahassee, FL",177.81506,Openbare Weg,Openbare Weg,2006,0.0,0.0,1,85.621
101,1,Citizen Kaned,,385.33179,President Johnson,Tip World Singles 2000,2000,0.0,0.0,0,108.061
102,1,The Brooklyn Tabernacle Choir,,324.44036,Lead Me Lord,Praise Him...Live!,1995,0.0,0.0,1,216.195
103,1,Ellen McIlwaine,"Nashville, TN",275.12118,Spontanous Combustion,Spontanous Combustion,0,0.0,0.0,1,132.428
104,1,Vince Guaraldi / Bola Sete,"San Francisco, CA",294.66077,Choro,From All Sides,0,0.0,0.0,0,168.307
105,1,Maurice Chevalier,"Menilmontant, France",193.20118,Ma Louise,Maurice Chevalier  The Essential Collection Vol 1,0,0.0,0.0,1,140.956
106,1,Carl Cox Vs Yousef,,357.82485,I Want You (Forever),Dave Pearce Best of the Dance Years 1988 - 1992,1991,0.0,0.0,1,130.016
107,1,Organized Konfusion,"SPRINGFIELD, Virginia",198.3473,Hate,The Equinox,1997,0.0,0.0,0,175.769
108,1,Martina McBride,"Medicine Lodge, KS",261.95546,I Can't Stop Loving You,Timeless,2005,0.0,0.0,1,100.194
109,1,Horace Andy,"Kingston, Jamaica",176.27383,Thank You Lord,Feel Good All Over: Anthology 1970-1976,1985,0.0,0.0,1,151.911
110,1,Nazz,,220.89098,How Can You Call That Beautiful (Stewkey Vocal),13th And Pine,0,0.0,0.0,1,119.691
111,1,Tyrone Davis,"Greenville, MS",235.91138,Cheatin' In The Next Room,Call Tyrone,0,0.0,0.0,1,161.976
112,1,Hot Tuna,"San Francisco, CA",239.59465,Candy Man,Final Vinyl,1971,0.0,0.0,1,172.398
113,1,Richard Burton,Pennsylvania,171.49342,I See The Boys Of Summer,Fifteen Poems By Dylan Thomas,0,0.0,0.0,1,109.823
114,1,Rory Block,"New York, NY",266.05669,Three Is a Crowd,The Early Tapes 1975-1976,0,0.0,0.0,1,90.101
115,1,Boyz II Men,"Philadelphia, PA",329.27302,On Bended Knee,Legacy,1994,0.0,0.0,1,116.473
116,1,Howard Armstrong,"Dayton, TN",198.922,My Four Reasons,Louie Bluie Film Soundtrack,0,0.0,0.0,0,126.821
117,1,Donny Hathaway,"Chicago, IL",283.21914,Little Girl (LP Version),Donny Hathaway,1971,0.0,0.0,1,111.191
118,1,Miguel Gallardo,,238.68036,Eternamente Amame,Canciones De Amor De Miguel Gallardo,0,0.0,0.0,1,125.508
119,1,Les Ogres De Barback,,254.06649,Niev nietch nievitch,Irfan_ le héros,1999,0.0,0.0,0,137.888
120,1,DJ X-Change featuring DJ Joey A,,184.31955,Come Over,What up Detroit,0,0.0,0.0,0,150.012
121,1,Morel,Washington DC,311.40526,Blue Taxi,Peterbilt Angel,0,0.0,0.0,1,108.367
122,1,Tony Joe White,"Goodwill, LA",162.53342,I Want Love (Tween You & Me) (Album Version),Homemade Ice-Cream,0,0.0,0.0,1,173.482
123,1,Wolfmother,"Sydney, Australia",212.37506,White Feather,White Feather,2009,0.0,0.0,0,110.745
124,1,The Roches,New York City,338.33751,Christlike Roche,Can We Go Home Now,1995,0.0,0.0,0,130.027
125,1,Bob Margolin,"Boston, MA",126.51057,You Rascal You,In North Carolina,0,0.0,0.0,1,110.168
126,1,Thomas Battenstein,,205.58322,Sympathy,Wintertime,0,0.0,0.0,0,97.976
127,1,Jupiter Rising,,193.4624,They Say (Album),Electropop,2007,0.0,0.0,0,119.979
128,1,Dharma Bums,,127.4771,Simon's Folly,DUMB: 4-track cassette recordings (1987),0,0.0,0.0,1,156.968
129,1,Saafir,,234.762,Crawl Before You Ball (Album Version),The Hit List,1999,0.0,0.0,1,188.886
130,1,The Verve Pipe,"Lansing, MI",292.8322,Medicate Myself,Underneath,2001,0.0,0.0,1,133.306
131,1,Bob Neuwirth,New York,241.10975,Biding Her Time,99 Monkeys,1990,0.0,0.0,1,152.267
132,1,Marvin Sapp,"Grand Rapids, MI",270.68036,More And More  (LP Version),Nothing Else Matters,0,0.0,0.0,1,166.275
133,1,James Hunter,Austin,188.73424,Cowboy Ways,A Tribute to The American Horse,0,0.0,0.0,1,114.971
134,1,Nelson Ned," Ubá, Minas Gerais",211.80036,Brasas Vivas,Mis Momentos,0,0.0,0.0,0,144.651
135,1,Mish Mash,,254.32771,Kolomeyke,Mish Mash_ Le Blues European: Musique Slave Et Klezmer,0,0.0,0.0,1,152.005
136,1,Cama,,210.36363,In This Life,In this Life,2009,0.0,0.0,0,155.074
137,1,Maxi Priest,Great Britain / UK,301.81832,Groovin' In The Midnight,Best Of Maxi Priest,1991,0.0,0.0,0,61.971
138,1,Porcupine Tree,,416.80934,Waiting,Signify (Special Edition),1997,0.0,0.0,0,124.04
139,1,Ragheb Alama,,413.36118,A'chek Ouyounik (2009 Digital Remaster),Bravo Alayki Rare recording,0,0.0,0.0,0,191.196
140,1,Foo Fighters,"Seattle, WA",117.002,Hell,In Your Honor,2005,0.0,0.0,1,152.127
141,1,Shakira Featuring Wyclef Jean,"Barranquilla, Colombia",217.36444,Hips Don't Lie (featuring Wyclef Jean),Essential R&B Hit Selection,0,0.0,0.0,0,100.023
142,1,The Avengers,California - SF,122.72281,Juoksuhauta-twist (Elämä juoksuhaudoissa),20 Suosikkia / Rautalankaklassikot / Kolme kitaraa,0,0.0,0.0,1,192.688
143,1,Robben Ford,"Ukiah, CA",203.98975,I Got Over It (Album Version),Talk To Your Daughter,1988,0.0,0.0,0,154.322
144,1,Brazilian Tropical Orchestra,,192.44363,One Less Bell To Answer,American Songbook - Bacharach,0,0.0,0.0,1,236.006
145,1,Gil Semedo,Netherlands,285.36118,Festa,Nha Vitória,0,0.0,0.0,1,150.666
146,1,Soda Stereo,,225.12281,Te Hacen Falta Vitaminas,Gira Me Verás Volver,1984,0.0,0.0,0,175.421
147,1,Xmilk,,123.66322,Sense And Trick,Scarcity,0,0.0,0.0,0,104.153
148,1,Dolce; Oscar G.,Oklahoma,525.16526,Fire (Oscar G Space Vocal Mix),Fire,0,0.0,0.0,0,127.278
149,1,Britt Nicole, NC,204.06812,Hanging On (Medium Key Performance Track Without Background Vocals),Hanging On (Premiere Performance Plus Track),0,0.0,0.0,1,160.165
150,1,Schizoid,,166.00771,Grim Prospects (Version 2 Remix),Grim Prospects Remixes - Prospects Are Getting Grimmer,0,0.0,0.0,1,86.091
151,1,Toni Braxton Featuring Shaggy,"Severn, MD",219.01016,Christmas In Jamaica,Snowflakes,2001,0.0,0.0,1,149.94
152,1,Perrey And Kingsley,,127.9473,Gossippo Perpetuo,The Out Sound From Way In!,2001,0.0,0.0,1,135.78
153,1,Sven Tasnadi,,570.90567,2190 Dias Contigo,El Fuego De Dentro,0,0.0,0.0,1,122.967
154,1,Eddie,,230.00771,No Control,No Control,0,0.0,0.0,1,142.024
155,1,Enthroned,"Belgica -- Namur, Namur/Ghent, East Flanders",240.74404,The Vitalized Shell,Pentagrammaton,2010,0.0,0.0,0,135.535
156,1,Suzanne Ciani,California - SF,192.20853,Mozart,Pianissimo,1989,0.0,0.0,1,139.189
157,1,Milan Band,,152.0322,Ciao Milan,Milan Milan,0,0.0,0.0,1,128.598
158,1,Johnny Osbourne,,215.30077,Lend Me Your Chopper,Auralux Reggae Showcase,2004,0.0,0.0,0,163.445
159,1,Dolly Parton,"Locust Ridge, TN",155.21914,Letter To Heaven,Heaven,1971,0.0,0.0,0,114.027
160,1,Rance Allen Group,"Detroit, MI",207.12444,Heaven is Where The Heart Is,Up Above My Head,0,0.0,0.0,1,111.316
161,1,Pearl Jam,"Seattle, WA",428.56444,Inside Job,Pearl Jam,2006,0.0,0.0,0,105.994
162,1,Natalie Cole,"Los Angeles, CA",185.7824,Take A Look  (LP Version),Take A Look,0,0.0,0.0,1,88.489
163,1,Mastodon,"Atlanta, GA",654.28853,The Czar: Usurper/Escape/Martyr/Spiral (Album Version),Crack The Skye,2009,0.0,0.0,0,118.433
164,1,Kiril Valeri,Jerez De La Frontera (Cádiz),306.72934,Bulgarian Dream,Behind The Blue,0,0.0,0.0,1,96.007
165,1,Word,,229.51138,Amalgama,Matumago X Press,0,0.0,0.0,1,187.807
166,1,DJ Quik,Compton CA,205.58322,Born and Raised In Compton,The Best of DJ Quik - Da Finale,1991,0.0,0.0,0,181.115
167,1,Hank Locklin,"McLellan, FL",127.05914,We're Gonna Go Fishin',RCA Country Legends,0,0.0,0.0,1,148.357
168,1,BT,Earth,44.35546,Robbers Kill Cop,LOOK (Original Motion Picture Soundtrack),0,0.0,0.0,0,136.164
169,1,2-4 Grooves feat. Reki D.,,203.83302,Relax,Relax,2009,0.0,0.0,0,126.941
170,1,The Jordanaires,"Springfield, MO",176.50893,Sweet By And By,Joy In Our Hearts - The Gospel Side Of The Jordanaires,0,0.0,0.0,1,159.582
171,1,Descendents,"Los Angeles, CA",140.66893,Orgofart,Enjoy!,1986,0.0,0.0,0,89.495
172,1,L.A. Guns,katy,201.09016,Bitch Is Back,A Nite On The Strip - Live,1988,0.0,0.0,0,102.259
173,1,Bare Jr.,,254.79791,Naked Albino,Boo-Tay,1998,0.0,0.0,1,107.529
174,1,Shelley Fabares,"Santa Monica, CA",143.0722,Johnny Loves Me (LP Version),The Best Of Shelley Fabares [Digital Version],0,0.0,0.0,1,99.408
175,1,Norrie Paramor,England,163.49995,Dearly Beloved,In London_ In Love,0,0.0,0.0,1,79.731
176,1,Gary Hobbs,,289.64526,The Look Of Love,Of My Times,0,0.0,0.0,1,188.502
177,1,Diesel Boy,"Santa Rosa, California",124.15955,Cooler Than You,Venus Envy,1998,0.0,0.0,1,133.729
178,1,Angelo Badalamenti,New Jersey,167.3922,Taryns Deepest Fear,Freddy's Favorites: The Best of A Nightmare On Elm Street,0,0.0,0.0,0,139.136
179,1,Cradle Of Filth,,321.35791,Summer Dying Fast,Bitter Suites to Succubi,1994,0.0,0.0,0,193.693
180,1,Jim Chappell,United States,263.94077,Still,Manila Nights,0,0.0,0.0,1,76.693
181,1,Ladybug,NY - New York City,341.36771,Snapshot,Snapshot,0,0.0,0.0,1,126.95
182,1,Bandido,,333.13914,End Of The Road (Head Hornys Remix),End Of The Road - Single,0,0.0,0.0,1,144.812
183,1,Brixx,,349.12608,7 Miles,7 Miles,0,0.0,0.0,0,138.003
184,1,Nine Inch Nails,"Cleveland, OH",168.56771,The Frail,Things Falling Apart,1999,0.0,0.0,0,130.284
185,1,Susana Seivane,,350.71955,Para Milladoiro,Os soños que volven,2010,0.0,0.0,1,152.013
186,1,Leland Martin,"Blandford, MA",175.62077,Stone Cold Fingers (Bonus Track),Leland Martin,0,0.0,0.0,1,159.968
187,1,Test Icicles,,190.24934,Snowball,For Screening Purposes Only,2005,0.0,0.0,0,75.031
188,1,Heaven 17,"London, England",255.16363,(We Don't Need This) Fascist Groove Thang,Endless,1981,0.0,0.0,1,150.837
189,1,React,,120.2673,Drunk Alone,That Which Does Not Kill You...Can Only Make You Stronger : Three Way Split,0,0.0,0.0,0,143.231
190,1,Sven Tasnadi,,557.26975,Charisma,Break The Night,0,0.0,0.0,1,123.993
191,1,Mance Lipscomb,"Navasota, TX",187.53261,Going Down Slow,Texas Songster,2000,0.0,0.0,1,97.981
192,1,Scott Wesley Brown,Atlanta Georgia USA,295.60118,All Rise,The Scott Wesley Brown Collection: A Library of 35 Favorite Songs,0,0.0,0.0,1,137.288
193,1,Flávio José,,252.02893,Jogo Limpo,Seu Olhar Não Mente,0,0.0,0.0,1,168.323
194,1,Moss,,329.35138,Silent Hill,Never Be Scared / Don't Be A Hero,2009,0.0,0.0,1,111.079
195,1,Pery Ribeiro,,180.00934,Our Love Is Here To Stay,S'Wonderful Movie'n Bossa,0,0.0,0.0,1,133.009
196,1,Soular,Oregon,244.45342,Everything Changes,Time and Space,0,0.0,0.0,1,146.577
197,1,Dimmu Borgir,"Oslo, Norway",282.53995,Master Of Disharmony,Death ... Is just the beginning Vol.4,1996,0.0,0.0,0,140.458
198,1,Public Image Ltd,"London, England",388.28363,(This Is Not A) Love Song (Live),Live In Tokyo,1983,0.0,0.0,1,132.506
199,1,Gary Moore,"Belfast, Northern Ireland",345.93914,What Are We Here For,Dark Days In Paradise,1997,0.0,0.0,1,153.862
200,1,Pascal Sangla,,243.1473,Une petite pause,Une petite pause,2010,0.0,0.0,1,93.238
201,1,The B-52's,"Athens, GA",261.74649,Wig,The B52's,1986,0.0,0.0,1,124.086
202,1,Dakis,,172.25098,Perasmena Mesanihta,Moments,0,0.0,0.0,0,66.765
203,1,Sex Pistols,,216.60689,God Save the Queen (Live),Punk International,1988,0.0,0.0,1,145.518
204,1,Chris Brown,"Fairfax, California",363.59791,Forever,Forever,0,0.0,0.0,1,139.998
205,1,Deekline & Wizard,,271.77751,Sun Is Shining,Breaks_ Beats & Blondes,2004,0.0,0.0,1,90.648
206,1,Daniela Dessì,Genova,330.65751,New Age,Reiki - Spiritual Fitness_ Relaxation and Chakra Meditation,0,0.0,0.0,0,140.334
207,1,Hem,NY - New York City,133.27628,Have Yourself A Merry Little Christmas,Peace At Last - EP,2005,0.0,0.0,1,89.86
208,1,Lily Allen,LDN,264.69832,U Killed It,Alright_ Still (Deluxe),2006,0.0,0.0,1,156.097
209,1,Pentangle,,228.51873,Rain And Snow,Light Flight - The Anthology,0,0.0,0.0,1,179.501
210,1,DJ Dips,,240.3522,Gerra De De,This DJ,0,0.0,0.0,1,86.689
211,1,Ana Bekuta,,145.57995,Kako mi je pitas sad,Zlatni hitovi '90 1,0,0.0,0.0,1,160.261
212,1,Jason Miles,NY - New York City,235.80689,Voices On The Corner,Miles To Miles,0,0.0,0.0,0,101.03
213,1,Busdriver,,192.1824,(Bloody Paw On The) Kill Floor,RoadKillOvercoat,2007,0.0,0.0,1,155.038
214,1,Byther Smith,"Monticello, MS",418.87302,I Wish My Mother Was Here,Addressing The Nation With The Blues,1989,0.0,0.0,1,117.168
215,1,Bebo & Cigala,,198.26893,Inolvidable,Lagrimas Negras,2003,0.0,0.0,0,132.967
216,1,Bizarre Inc,"Stafford, England",420.10077,Miracle,Surprise,1996,0.0,0.0,1,139.91
217,1,Bongzilla,"Madison, Wisconsin",397.26975,Witch Weed (Live),Apogee,1999,0.0,0.0,1,95.882
218,1,The Gone Jackals,,229.79873,Not Buried Deep Enough,Bone To Pick,1995,0.0,0.0,1,135.175
219,1,The Willis Brothers,,150.64771,Give Me 40 Acres (To Turn This Rig Around),Strictly Trucking,0,0.0,0.0,1,121.983
220,1,Laurindo Almeida / Carlos Barbosa-Lima / Charlie Byrd,"Sao Paulo, Brazil",286.14485,Ernesto Nazareth,Music Of The Brazilian Masters,0,0.0,0.0,0,169.775
221,1,S.U.P,,384.70485,The Cube (Live),To Live Alone,2001,0.0,0.0,0,137.862
222,1,Boogie Pimps,,415.03302,Get Back Down,PeeBoy EP,0,0.0,0.0,1,83.326
223,1,Brian Keane,Texas,133.53751,Battle Of The Rosebud / Cries,The Way West,0,0.0,0.0,1,117.667
224,1,Aberdeen,"Poza Rica, MX",266.70975,Beyond the Light,Suburban,0,0.0,0.0,1,90.908
225,1,The Killers,,284.3424,Spaceman,Hitzone 49,2008,0.0,0.0,1,151.953
226,1,Gloriana,"Nashville, TN.",179.06893,Pulecenella 'e mò,Il meglio di Gloriana,0,0.0,0.0,0,161.054
227,1,Butterfly Temple,,100.5971,Iskorosten' (instr.),Za Solntsem Vsled,0,0.0,0.0,1,159.895
228,1,Grant Geissman,"PEARLINGTON, Mississippi",320.60036,Big Stax/High Volts (Album Version),Time Will Tell,0,0.0,0.0,1,128.219
229,1,20/20,,302.36689,It Goes On,4 Day Tornado,0,0.0,0.0,1,101.229
230,1,José Augusto,,284.70812,Pecado De Amor,Ao Vivo,0,0.0,0.0,1,98.859
231,1,Orbital,"Sevenoaks, United Kingdom",327.8624,Illuminate,The Altogether,2001,0.0,0.0,1,125.975
232,1,Bone Thugs-N-Harmony / Akon,"Cleveland, OH",286.30159,Never Forget Me,Strength & Loyalty,2007,0.0,0.0,1,154.09
233,1,Moonsorrow,,356.49261,Ukkosenjumalan poika,Kivenkantaja,2001,0.0,0.0,1,124.237
234,1,N.W.A.,"Compton, California, USA.",168.75057,A B***** Is A B***** (Edited),Straight Outta Compton,1989,0.0,0.0,1,97.099
235,1,Rage Against The Machine,"Los Angeles, CA",201.56036,Kick Out The Jams,Live at the Grand Olympic Auditorium,2000,0.0,0.0,1,140.63
236,1,Jazz Gillum,"Indianola, MS",185.67791,Me And My Buddy,Take One More Chance With Me,0,0.0,0.0,0,101.41
237,1,Rise Against,Chicago,218.8273,Amber Changing,Revolutions Per Minute,2003,0.0,0.0,1,186.254
238,1,Ultraviolence,,303.04608,Murder Academy,Psycho Drama,1995,0.0,0.0,1,210.47
239,1,Korn,"Bakersfield, CA",224.522,Hey Daddy,Issues,1999,0.0,0.0,1,94.057
240,1,Sir Neville Marriner,,315.27138,4 Sea Interludes Op. 33a: Storm,Britten: Orchestral Works,0,0.0,0.0,1,100.349
241,1,Agnes,Sweden,275.06893,I Need You Now,I Need You Now,0,0.0,0.0,1,124.009
242,1,James Horner,"Los Angeles, CA",191.81669,Atmosphere Station,Aliens - The Deluxe Edition,1986,0.0,0.0,1,90.084
243,1,Tantric,,177.24036,Walk Away,Mind Control,2009,0.0,0.0,1,106.698
244,1,Mastodon,"Atlanta, GA",233.58649,Shadows That Move,Call of the Mastodon,2001,0.0,0.0,1,89.78
245,1,Xcultures,,38.3473,Smile,One World One People,2000,0.0,0.0,0,107.177
246,1,The Irish Tenors,,100.85832,Mountains Of Mourne,Live From Dublin,0,0.0,0.0,1,152.258
247,1,U2,"Dublin, Ireland",485.19791,Kite Live from Sydney,Window In The Skies,2007,0.0,0.0,1,134.083
248,1,Little Joe,,239.01995,Loco (Crazy),Nuestra Tradición,0,0.0,0.0,1,106.398
249,1,Korn,"Bakersfield, CA",288.49587,Ever Be,Untitled,2007,0.0,0.0,1,160.022
250,1,Blind Blake & The Royal Victoria Hotel Calypsos,"Jacksonville, FL",151.53587,Oh Look Misery,Bahamian Songs,0,0.0,0.0,1,101.492
251,1,Percy Faith,"Toronto, Ontario, Canada",160.28689,Yesterdays,A Jerome Kern Songbook,0,0.0,0.0,0,86.141
252,1,Extreme,,181.55057,Teacher's Pet,Extreme,0,0.0,0.0,1,120.097
253,1,Alexandre Desplat,,70.26893,Palmer enquête,L'enquête corse - bof,2004,0.0,0.0,0,128.173
254,1,Prozak,London,173.24363,Go To Hell,Tales From The Sick,0,0.0,0.0,1,88.835
255,1,Jerry Butler,"Sunflower, MS",155.74159,Moon River - Original,Jerry Butler Selected Hits Vol. 4,0,0.0,0.0,1,105.24
256,1,Yvette Horner,,148.03546,La Plus Bath Des Javas,L'essentiel 2003,0,0.0,0.0,1,162.385
257,1,Delta 9,,94.06649,Infidel,No Regrets,0,0.0,0.0,1,109.636
258,1,Placebo,"London, England",241.52771,English Summer Rain,Sleeping With Ghosts,2003,0.0,0.0,0,108.264
259,1,Tam Tam Go!,,226.82077,Spanish Shuffle (Album Version),Miscelanea,0,0.0,0.0,1,119.524
260,1,Gertrudis,,106.52689,Intro,500,2009,0.0,0.0,0,97.76
261,1,Warrior King,,224.28689,Empress So Divine,Virtuous Woman,2002,0.0,0.0,1,241.877
262,1,Soda Stereo,,340.29669,Terapia De Amor Intensiva,De Musica Ligera,1988,0.0,0.0,1,91.328
263,1,LORE,,216.55465,Haunting,My Soul Speaks,0,0.0,0.0,1,130.062
264,1,Soul Asylum,"Minneapolis, MN",279.2224,Lies Of Hate,Candy From A Stranger,1998,0.0,0.0,0,68.734
265,1,Carl Doy with NZSO,,158.56281,The First Noel,Music For Christmas Lovers,0,0.0,0.0,1,94.658
266,1,Horace Andy,"Kingston, Jamaica",234.44853,Musical Episode,Exclusively,2005,0.0,0.0,0,102.055
267,1,Jimmy Wakely,"Mineola, AR",155.95057,Beautiful Brown eyes,Country Masters Vol 1,2001,0.0,0.0,1,109.065
268,1,The Nightraver & The Magican,,233.53424,Drop the Bass,Ultimate Happy Hardcore 3,0,0.0,0.0,1,184.981
269,1,Rah Digga (Featuring Outsidaz),New Jersey,256.80934,The Last Word (Amended Version),Dirty Harriet,2000,0.0,0.0,1,201.802
270,1,RUN-DMC,,234.65751,Hard Times,Run DMC,1984,0.0,0.0,1,119.67
271,1,Bert Kaempfert And His Orchestra,,163.76118,Just As Much As Ever,Love That Bert Kaempfert,0,0.0,0.0,1,105.181
272,1,Hank Locklin,"McLellan, FL",159.03302,Filipino Baby,Please Help Me I'm Fallin',0,0.0,0.0,1,165.668
273,1,Lady May,Windhoek,214.04689,The Boss,Pink Chokolate!,0,0.0,0.0,1,188.056
274,1,Nightwish,"Kitee, Finland",301.06077,Escapist,Made In Hong Kong (And In Various Other Places),2007,0.0,0.0,1,143.97
275,1,Angelo Badalamenti,New Jersey,109.37424,Jeffrey's Dark Side,Blue Velvet,1987,0.0,0.0,1,61.883
276,1,Frank Chacksfield,"Battle, Sussex, England",151.82322,Someone to Watch Over Me,Windsor Strings,0,0.0,0.0,1,0.0
277,1,Cesar Camargo Mariano/Helio Delmiro,,287.11138,Milagre Dos Peixes/ Musica Incidental: Cais/ Music Incidental: San Vicente,Samambaia,0,0.0,0.0,1,163.167
278,1,Buzzhorn,"Milwaukee, WI",239.98649,Pinned To The Ground (album version),Disconnected,2002,0.0,0.0,0,144.836
279,1,Silverstein,"Burlington, Ontario, Canada",229.642,Always And Never (Album Version),Discovering The Waterfront,2005,0.0,0.0,1,108.499
280,1,!!!,,143.98649,Myth Takes,Myth Takes,2007,0.0,0.0,0,193.978
281,1,The Secret Life of Teenage Girls,,153.20771,Carpe PM,The Last Living American Marxists,0,0.0,0.0,1,88.935
282,1,The Notorious B.I.G.,,316.65587,Who Shot Ya (Amended Album Version),Greatest Hits,2007,0.0,0.0,1,91.69
283,1,Led Zeppelin,England,182.09914,Poor Tom (Album Version),Coda,1982,0.0,0.0,1,210.8
284,1,Sandi Thom,Scotland,205.21751,Wounded Hearts,The Pink & The Lily,2008,0.0,0.0,1,82.205
285,1,Carl Belew,"Salina, OK",131.05587,Love's Been Good To Me,20 Greatest Hits,0,0.0,0.0,1,121.563
286,1,The Field Mice,,316.73424,When Morning Comes To Town,Coastal,1989,0.0,0.0,1,162.682
287,1,Billy Higgins_ Bob Berg_ Cedar Walton_ Tony Dumas,"Los Angeles, CA",431.64689,Estate,Once More,0,0.0,0.0,0,106.219
288,1,Catherine Howe,"Yorkshire, England",183.37914,Freedom Enough (From Silent Mother Nature),Harry / Silent Mother Nature,0,0.0,0.0,1,172.337
289,1,Malkit Singh,,324.51873,Hai Shava,Hai Shava,1993,0.0,0.0,1,210.305
290,1,Rodney O & Joe Cooley,,172.01587,Nutty Block,Get Ready To Roll,1991,0.0,0.0,0,175.393
291,1,Dean Martin,"Steubenville, OH",165.66812,Until You Love Someone,Love From&The Rat Pack,2005,0.0,0.0,0,128.459
292,1,Strata,"Campbell, CA",377.67791,Part One From Triomusic,STRATA,2004,0.0,0.0,1,109.671
293,1,James Darren,"Philadelphia, PA",145.00526,Hello Young Lovers (LP Version),Love Among The Young,0,0.0,0.0,0,141.024
294,1,Till West & DJ Delicious,,153.28608,Same Man,Ministry of Sound Presents 100,2006,0.0,0.0,1,125.558
295,1,Carlos Nuñez,,215.35302,Quiero Ir Ao Mar,Cinema Do Mar,2005,0.0,0.0,0,211.327
296,1,Igor Stravinsky,,156.70812,The Owl and the Pussy-cat,Essential Igor Stravinsky,0,0.0,0.0,1,147.637
297,1,Gene Clark,"Los Angeles, CA",168.38485,Set You Free This Time,Echoes,1998,0.0,0.0,1,98.49
298,1,Maysa,,150.25587,Bloco Da Solidao (1996 Digital Remaster),Talento,0,0.0,0.0,0,137.673
299,1,The Shirelles,"Passaic, NJ",159.76444,Will You Love Me Tomorrow,Dreamboats & Petticoats 2,1960,0.0,0.0,1,68.283
300,1,The American Boychoir,New Jersey,230.26893,Stille nacht_ heilige nacht,Voices of Angles - Christmas Favorites from the American Boychoir,0,0.0,0.0,1,0.0
301,1,JDS,,465.60608,Nine Ways,Cream Trance Anthems Ibiza 2009,0,0.0,0.0,1,134.014
302,1,Panic At The Disco,"Las Vegas, NV",247.77098,Northern Downpour (Album Version),Northern Downpour,0,0.0,0.0,1,85.157
303,1,Jan Howard,"West Plains, MO",165.98159,Bad Seed,Love Is A Sometimes Thing,0,0.0,0.0,1,86.162
304,1,Abraham Laboriel,"Mexico City, Mexico",368.16934,Exchange,Guidum,1995,0.0,0.0,0,93.106
305,1,Michèle Arnaud,,176.27383,Marie D'Aquitaine,Disque Pathé,0,0.0,0.0,1,49.262
306,1,Sticky Fingaz,"Brookyln, NY",266.4224,Oh My God,Oh My God,2000,0.0,0.0,0,80.149
307,1,Dame Joan Sutherland / New Philharmonia Orchestra / Richard Bonynge,,111.0722,Joy To The World,A Classic Christmas,0,0.0,0.0,1,82.422
308,1,The Jeff Healey Band,,313.7824,Hoochie Coochie Man,Road House,1989,0.0,0.0,1,107.197
309,1,Angela Dimitriou,,265.37751,Ftei O Erotas,Thisia Live,0,0.0,0.0,0,124.177
310,1,Danny Wilson,"Dundee, Scotland",167.20934,The Second Summer Of Love,Bebop Moptop,1989,0.0,0.0,1,196.034
311,1,Lionel Rogg,"Geneva, Switzerland",240.61342,Prelude And Fugue In C Major BWV 531 : Fugue,Bach: Organ Works Vol.2,0,0.0,0.0,1,64.401
312,1,Java,,356.41424,Don't Phunk With My Heart,Dance Tribute to Lady Gaga Vs Black Eyed Peas,0,0.0,0.0,1,130.861
313,1,SWAMI featuring Asuivre,"Birmingham/ London, UK",260.28363,Give It What U Got,EQUALIZE,2007,0.0,0.0,0,90.008
314,1,The Black Velvet Band,,256.39138,Dancing To A Standstill,King Of Myself,0,0.0,0.0,1,122.174
315,1,Lisa Lynne,California - LA,316.49914,Isla del Luna,Seasons Of The Soul,1999,0.0,0.0,1,95.981
316,1,Pe'z,,252.57751,Spirit,Realive Tour 2002 -Odoranya Son Son- in Tokyo,0,0.0,0.0,0,75.955
317,1,Shawn Colvin,"Vermillion, SD",224.60036,Another Long One,Steady On,1989,0.0,0.0,1,210.871
318,1,Stephy Tang,,214.12526,Leng Jing,Music Cafe,0,0.0,0.0,0,105.196
319,1,Casual,California - LA,259.44771,OAKtown,The Building,0,0.0,0.0,0,106.689
320,1,Backstreet Boys,"Orlando, FL",236.25098,Larger Than Life,Just Want You To Know,1999,0.0,0.0,1,112.787
321,1,Tiny Tim,"New York, NY",43.36281,I Hold Your Hand In Mine [Live At Royal Albert Hall],Live! At The Royal Albert Hall,2000,0.0,0.0,1,93.779
322,1,Kenny G featuring Daryl Hall,"Seattle, Washington USA",236.93016,Baby Come To Me,At Last... The Duets Album,0,0.0,0.0,1,89.865
323,1,Christos Dantis,,243.82649,Den Pai Alo,Daktilika Apotipomata,0,0.0,0.0,0,133.339
324,1,David Martin,California - SF,241.47546,It Wont Be Christmas,A Christian Christmas Celebration (Gift of Love),0,0.0,0.0,1,98.718
325,1,John Davis,Pennsylvania,183.17016,Knocked Out Of The Park,Leave Home,0,0.0,0.0,1,74.072
326,1,Trafik,Utah,424.12363,Salt In NYC,Salt In NYC,0,0.0,0.0,0,130.006
327,1,Nick Ingman;Gavyn Wright,"London, England",111.62077,Wessex Loses a Bride,Shakespeare in Love - Music from the Miramax Motion Picture,0,0.0,0.0,0,104.394
328,1,Eddie Calvert,,138.63138,Erica (2005 Digital Remaster),Oh Mein Papa,0,0.0,0.0,1,159.587
329,1,Glad,,270.602,Blessed Assurance,Simply Glad,1993,0.0,0.0,1,192.702
330,1,Steel Rain,California - SF,173.19138,Loaded Like A Gun,Trial and Error,0,0.0,0.0,0,98.11
331,1,Los Manolos,,218.38322,Rumba De Barcelona,Rumbas Sin Fronte Ras,0,0.0,0.0,0,118.595
332,1,Gloriana,"Nashville, TN.",153.33832,Clementina Santafè,Il meglio di Gloriana,0,0.0,0.0,1,143.601
333,1,Bombay Rockers,Denmark,230.71302,Wild Rose (Back 2 Basics Mix),Wild Rose,0,0.0,0.0,0,81.319
334,1,Jinx,Zagreb Croatia,407.37914,Kutt Free (DJ Volume Remix),Kutt Free,0,0.0,0.0,1,89.345
335,1,Chase & Status,,337.68444,Ten Tonne,Ten Tonne EP,2005,0.0,0.0,0,174.993
336,1,Tom Petty,"Gainesville, FL",236.17261,A Higher Place (Album Version),Wildflowers,1994,0.0,0.0,1,129.122
337,1,Montserrat Caballé;Placido Domingo;Vicente Sardinero;Judith Blegen;Sherrill Milnes;Georg Solti,,511.16363,Sono andati? Fingevo di dormire,Puccini: Highlights From La Boheme,0,0.0,0.0,1,86.666
338,1,Pucho & His Latin Soul Brothers,,338.23302,Got My Mojo Workin,Mucho Pucho,0,0.0,0.0,1,231.867
339,1,Soul Mekanik,,45.66159,Get Your Head Stuck On Your Neck,Get Your Head Stuck On Your Neck,0,0.0,0.0,1,190.698
340,1,Mitch Ryder,"Hamtramck, MI",207.43791,Jenny Take a Ride,American Legend,2004,0.0,0.0,1,97.538
341,1,Blingtones,,29.54404,Sonnerie lalaleulé hi houuu,Sonneries tyroliennes,0,0.0,0.0,1,95.225
342,1,Luna Orbit Project,,335.51628,Midnight Star,Northern Blue,0,0.0,0.0,0,139.993
343,1,Danilo Perez,Panama,197.19791,Native Soul,. . . Till Then,2003,0.0,0.0,1,159.233
344,1,Line Renaud,,152.92036,Der Kleine Dompfaff,Platinum Line Renaud,0,0.0,0.0,1,124.75
345,1,King Curtis,"Fort Worth, TX",326.00771,A Whiter Shade Of Pale (Live @ Fillmore West),Live At Fillmore West [w/bonus tracks],0,0.0,0.0,1,100.415
346,1,Sophie B. Hawkins,"New York, NY [Manhattan]",305.162,The Ballad Of Sleeping Beauty,Whaler,1994,0.0,0.0,1,105.003
347,1,Lupe Fiasco,"Chicago, IL",279.97995,Streets On Fire (Explicit Album Version),Lupe Fiasco's The Cool,0,0.0,0.0,0,110.218
348,1,Wilks,,261.51138,Music is what we love,Tears,0,0.0,0.0,0,88.973
349,1,Marc Shaiman,,149.86404,City Slickers,The Bucket List,2008,0.0,0.0,1,134.566
350,1,40 Grit,,75.67628,Intro,Nothing To Remember,2003,0.0,0.0,1,186.882
351,1,Gwen Stefani,,290.55955,Harajuku Girls,Love Angel Music Baby,2004,0.0,0.0,1,113.995
352,1,Steve Morse,"Hamilton, Ohio",363.85914,Prognosis,Major Impacts,2000,0.0,0.0,1,90.199
353,1,Bitter End,Noci (BA),282.43546,Living Hell,Harsh Realities,0,0.0,0.0,0,111.032
354,1,Ethel Merman,"New York, NY [Astoria, Queens]",135.31383,Small World,Gypsy (Original Broadway Cast),0,0.0,0.0,1,124.184
355,1,Leon Russell & New Grass Revival,"Lawton, OK",221.30893,Truck Driving Man/Down In The Caribbean,New Grass Revival With Leon Russell Live,0,0.0,0.0,1,157.746
356,1,Story Of The Year,"LONG BEACH, California",75.57179,Swallow The Knife (Live) (Segue),Live In The Lou,2005,0.0,0.0,1,100.032
357,1,Natural Elements,,338.1024,Mayday,Lyricist Lounge Vol. 1,1998,0.0,0.0,1,185.88
358,1,Lisa Lynne,California - LA,298.10893,Lake Of Dreams,Daughters Of the Celtic Moon: A Windham Hill Collection featuring Lisa Lynne,1998,0.0,0.0,1,94.031
359,1,Neil Sedaka,"Brooklyn, NY",170.84036,Because Of You,Love Songs,1999,0.0,0.0,0,76.013
360,1,Maurice Larcange,,215.37914,Un Peu D'Amour Et D'Amitié,Joue Legrand & Becaud,0,0.0,0.0,1,133.553
361,1,A Static Lullaby,"Chino Hills, CA",213.49832,Rattlesnake!,Rattlesnake!,2008,0.0,0.0,1,202.233
362,1,John Wesley_ John Wesley,Brandon,351.08526,Disappeared,Chasing Monsters,0,0.0,0.0,1,133.405
363,1,Coph Nia,,658.02404,Doppelgänger [Qliphothic Phantasmagoria],That Which Remains,2000,0.0,0.0,0,116.819
364,1,Tabu feat. Mitzib,Texas,474.61832,Ain't No Love Ain't No Use (Love To Infinity Full Funk Mix),Ain't No Love (Ain't No Use),0,0.0,0.0,1,127.887
365,1,Nights Like These,"Memphis, TN",305.89342,Ghost Town Rituals (Album Version),The Faithless,2006,0.0,0.0,1,124.872
366,1,Oasis,"Manchester, England",301.92281,Morning Glory,Stop The Clocks,0,0.0,0.0,1,136.948
367,1,John Davis & Emma Doyle,Pennsylvania,135.52281,Rudolph The Red-Nosed Reindeer,Santa Claus Is Coming To Town,0,0.0,0.0,1,169.878
368,1,Stew,New York,179.9571,Tomorrow Gone,Something Deeper Than These Changes,2003,0.0,0.0,1,100.621
369,1,Jauida,,269.76608,I don't Want to Be Alone Tonight,Ocean,0,0.0,0.0,1,101.01
370,1,Eddy Arnold,"Madisonville, TN",166.16444,Just A Little Lovin' (Will Go A Long Way),Number Ones,1967,0.0,0.0,1,157.779
371,1,All Time Low,"Baltimore, MD",221.67465,Shameless,So Wrong_ It's Right,2007,0.0,0.0,1,91.483
372,1,Brian Dullaghan,,212.94975,And I Love You So,Songs For A Wedding - 18 Songs For That Special Day,0,0.0,0.0,1,99.109
373,1,Richard Galliano,"Le Cannet, France",261.74649,L' Envers Du Décor,French Touch,1999,0.0,0.0,1,76.296
374,1,Regina Belle,"Englewood, NJ",307.33016,Quiet Time,Passion,1993,0.0,0.0,0,92.672
375,1,Debbie Davies,"Los Angeles, CA",225.67138,Little Sister,Round Every Corner,1998,0.0,0.0,1,116.984
376,1,STEVE CAMP,,296.14975,Song For Mom (LP Version),The Definitive Collection,0,0.0,0.0,1,139.07
377,1,Jay Tee & Baby Bash,California - SF,203.67628,All Over Me,The Camp Is Back,0,0.0,0.0,1,98.983
378,1,The Stolen Minks,,56.42404,I Hate You,High Kicks,0,0.0,0.0,1,123.695
379,1,Daath,,230.86975,From The Blind (LP Version),The Hinderers,2006,0.0,0.0,1,97.151
380,1,Extasick,,134.03383,Misanthrope,Extasick and This Dirty Musick,0,0.0,0.0,1,91.459
381,1,UFO,Arizona,212.61016,Chains Chains (Live In Hammersmith),The Official Bootleg Box Set,0,0.0,0.0,1,116.11
382,1,Avril - Remix By Ana Rago,,188.39465,The Date (Remix By Ana Rago),The Date - Dated Girls Remixes,2002,0.0,0.0,1,85.282
383,1,Pat Travers,"Toronto, Canada",152.99873,As My Fire Flies,Pat Travers,0,0.0,0.0,1,140.872
384,1,SNOWPATROL,"Dundee, Scotland",233.03791,We Wish You A Merry Christmas,CHRISTMAS DANCE SENSATION,0,0.0,0.0,0,144.003
385,1,Die Fantastischen Vier,Germany,149.99465,Böse,Jetzt geht's ab - Jubiläums-Edition,1991,0.0,0.0,0,120.001
386,1,Jeanie Lambe & The Danny Moss Quartet,,152.0322,Saturday Night Is The Loneliest Night In The Week,The Blue Noise Session,0,0.0,0.0,1,168.558
387,1,Nelson Ned," Ubá, Minas Gerais",200.48934,A Mi No Me Importa,Mis Momentos,0,0.0,0.0,1,146.061
388,1,Yung Joc,"College Park, Georgia",193.64526,BYOB (Explicit Album Version),Hustlenomics,2007,0.0,0.0,0,174.019
389,1,Philippe Sarde,"Neuilly-sur-Seine, France",158.82404,Le Presbytère n'a rien perdu de son Charme,Le Mystère de la Chambre Jaune (Bande Originale du Film),0,0.0,0.0,0,85.691
390,1,Orquesta Aragón,Cuba,173.68771,Ven Morena,10 De Colección,2003,0.0,0.0,1,92.606
391,1,Jason Miles,NY - New York City,269.40036,Brighton by the Sea,To Grover_ With Love,0,0.0,0.0,1,163.97
392,1,State of Chaos,,176.90077,CHAOS INTRO,Across the nation,0,0.0,0.0,1,97.619
393,1,Dropkick Murphys,"Boston, MA",196.72771,Bloody Pig Pile (Live),Live On St. Patrick's Day,2002,0.0,0.0,0,183.808
394,1,Taint,,281.46893,Hex Breaker,Secrets & Lies,2009,0.0,0.0,0,92.044
395,1,VHS Or Beta,"Louisville, KY",224.20853,The Melting Moon (Edit),The Melting Moon,2004,0.0,0.0,0,126.806
396,1,Leonard Kwan,,170.31791,Hawaiian Chimes,The Legendary Leonard Kwan : The Complete Early Recordings,0,0.0,0.0,1,108.912
397,1,True Believers,,361.53424,Turn Around,In This Place,0,0.0,0.0,0,160.731
398,1,Les Hurlements D'leo,,182.04689,L'accordéoniste,13 ans de caravaning,1999,0.0,0.0,1,104.307
399,1,Charanga Forever,,367.43791,Tumba Tumba,La Charanga Soy Yo,2000,0.0,0.0,1,203.964
400,1,Zuzu Bollin,"Frisco, TX",175.90812,Why don't you eat where you slept last night ?,Hot Rhythm & Cool Blues,0,0.0,0.0,1,131.683
401,1,Bullet For My Valentine,"Bridgend, South Wales, UK",215.53587,Suffocating Under Words Of Sorrow (What Can I Do),The Poison,2005,0.0,0.0,1,188.924
402,1,The Hit Factory,,234.70975,Im Moving On,The Hit Factory,0,0.0,0.0,1,126.342
403,1,Terry Snyder,,340.11383,Deep Night/Softly As In A Morning Sunrise (Medley),Ultra-Lounge_ Vol. 17: Bongoland,0,0.0,0.0,0,112.097
404,1,Marcus Miller,"Brooklyn, NY",280.13669,Let Me Show You [I Just Want To Make You Smile],Suddenly,1983,0.0,0.0,1,125.147
405,1,Beatnuts,,170.52689,Monster For Music,A Musical Massacre (Explicit),0,0.0,0.0,1,87.634
406,1,Ayo,United States,212.71465,Complain,Joyful,2006,0.0,0.0,1,128.689
407,1,Kid Sister,Chicago IL,277.2371,Daydreaming [Jakwob Remix],Ultraviolet,2009,0.0,0.0,0,140.026
408,1,Mons Leidvin Takle,,120.92036,Dansende Foran Speilet,Gyldne Øyeblikk,0,0.0,0.0,1,147.576
409,1,Public Image Ltd,"London, England",492.30322,Ease,Compact Disc,1985,0.0,0.0,1,193.56
410,1,Rise Against,Chicago,260.8322,Everchanging,This Is Noise,2001,0.0,0.0,1,122.006
411,1,Sizzla,,203.96363,Too much informa,Bien Sobre Mal Vol. 3: Black Rain Riddim,2005,0.0,0.0,0,190.01
412,1,Richard Galliano,"Le Cannet, France",309.65506,L'insidieuse (Live),Original Album Classics,0,0.0,0.0,1,111.663
413,1,Helen Love,"Cardiff, Wales",81.97179,So Hot,Radio Hits,1994,0.0,0.0,0,100.76
414,1,David Mingyue Liang,,757.99465,Youlan_ Lonely Orchid (solo guqin),The Flowing Waters,0,0.0,0.0,0,163.67
415,1,Pursuit Of Happiness,"Toronto, Ontario, Canada",196.49261,Forbidden Fruit,One Sided Story,0,0.0,0.0,1,127.298
416,1,Bobby Hutcherson,"Los Angeles, CA",352.57424,Recorda-Me,Jazz for a Summer Night,0,0.0,0.0,0,95.633
417,1,Gregory Isaacs,"Kingston, Jamaica",221.83138,Lady Of Your Calibre,Mr. Cool,0,0.0,0.0,0,160.011
418,1,The Pharcyde,"Los Angeles, CA",11.59791,Italian For Goodbye (skit),Humboldt Beginnings,2004,0.0,0.0,1,38.233
419,1,Azis,,281.88689,Anti Geroi,BalkanBeats Volume 2,2006,0.0,0.0,1,98.151
420,1,Amy Winehouse,London,256.10404,Stronger Than Me,Take The Box,2003,0.0,0.0,1,91.198
421,1,George Lopez,"ORANGE, California",345.23383,Only For The Young,Tall_ Dark & Chicano,2009,0.0,0.0,1,75.467
422,1,Les Hou-Lops,,122.69669,T'as 16 ans demain,Vendredi m'obsède,0,0.0,0.0,1,103.29
423,1,The Cosmosamatics,,338.36363,Serene,Zetrons,0,0.0,0.0,1,65.054
424,1,Jackie Edwards,Jamaica,256.62649,So Jah Seh,Roots And Culture Volume 3,2006,0.0,0.0,1,161.796
425,1,Michael Card,,182.72608,Joy In The Journey (The Final Word Album Version),The Final Word,0,0.0,0.0,1,115.258
426,1,Richard Galliano,"Le Cannet, France",197.17179,Chorinho Pra Ele (Live),Original Album Classics,0,0.0,0.0,1,230.992
427,1,Ensiferum,"Helsinki, Finland",291.02975,Warrior's Quest,Victory Songs,1999,0.0,0.0,1,179.988
428,1,Leila Chicot,FRANCE,293.27628,Medley Leïla Chico,Zouk Sun-Hit Mégamix,0,0.0,0.0,1,90.008
429,1,The Pharcyde / Big Boy / Schmooche Cat / Randy Mack,"Los Angeles, CA",334.78485,The Hustle,Labcabincalifornia,1995,0.0,0.0,1,95.816
430,1,Erkki Junkkarinen,,215.82322,Rakkauden satu - Histoire d'un Amour -,Ystävän Laulu - 25 Unohtumatonta Laulua,0,0.0,0.0,0,100.612
431,1,A Static Lullaby,"Chino Hills, CA",237.42649,God Bless You (Goddamn it),Faso Latido,2005,0.0,0.0,1,80.41
432,1,Scar Symmetry,Sweden,271.5424,The Illusionist,Nuclear Blast Showdown 2006,2006,0.0,0.0,0,150.086
433,1,Oztara,,207.51628,La Route Est Belle,Ensorsoleil,2005,0.0,0.0,0,191.929
434,1,Sonia Dersion,,269.87057,Urgence,Belles De Zouk,2004,0.0,0.0,0,173.936
435,1,Christina Aguilera,,266.73587,Pero Me Acuerdo De Tí,Mi Reflejo,2000,0.0,0.0,1,117.984
436,1,Headhunter,,312.76363,Trapped In Reality,Parody Of Life,0,0.0,0.0,0,153.551
437,1,Eighteen Visions,"Orange County, CA",172.19873,Our Darkest Days,Eighteen Visions,2006,0.0,0.0,1,131.079
438,1,Baby Huey & The Baby Sitters,,288.36526,California Dreamin' (LP Version),The Baby Huey Story: The Living Legend,1971,0.0,0.0,0,132.973
439,1,Elmore James,"Richland, MS",191.13751,Dumb Woman Blues,Dark And Dreary,0,0.0,0.0,1,97.03
440,1,Rising Lion,Florida,280.45016,Letting You Back In,American Dread,0,0.0,0.0,1,88.137
441,1,George Harrison,"Liverpool, England",359.73179,Hear Me Lord (2001 Digital Remaster),All Things Must Pass,0,0.0,0.0,0,133.383
442,1,Weezer,,180.97587,Don't Let Go,The Green Album,2001,0.0,0.0,1,142.68
443,1,Rodney O & Joe Cooley,,217.41669,U Don't Hear Me Tho' (Street Mix),Greatest Hits,1993,0.0,0.0,1,107.185
444,1,Boots Randolph,"Paducah, KY",150.20363,Lonely Street,Boots Randolph's Yakety Sax!,1963,0.0,0.0,1,101.485
445,1,Jackson United,,204.93016,Undertow,Harmony And Dissidence,2008,0.0,0.0,1,90.636
446,1,The Cosmosamatics,,515.97016,12 Seasons of Love,Zetrons,0,0.0,0.0,1,61.487
447,1,Bobbie Gentry,"Chickasaw County, MS",177.57995,Courtyard,The Best of Bobbie Gentry: The Capitol Years,1968,0.0,0.0,1,152.434
448,1,Creedence Clearwater Revived,Lanciano Italy,257.59302,Have You Ever Seen The Rain,The Best Of (featuring Johnny Guitar Williamson),0,0.0,0.0,1,121.232
449,1,The Johnny Otis Orchestra,"Vallejo, CA",182.15138,Cry Baby,Jukebox Hits 1946-1954,0,0.0,0.0,1,105.268
450,1,B.A.D.,"London, England",102.03383,Interlude,B.A.D. (Be A Devil),0,0.0,0.0,1,95.655
451,1,Luar Na Lubre,,251.81995,Terra,lo mejor de  Luar na Lubre,2001,0.0,0.0,0,229.913
452,1,Circular,"Bergen, Norway",59.89832,Mother,Divergent,0,0.0,0.0,1,75.127
453,1,Fruko Y Sus Tesos,,261.90322,A La Memoria Del Muerto,Soy Como Soy,2004,0.0,0.0,0,106.769
454,1,The Bucketheads,"New York, NY",365.71383,Sayin' Dope,All In The Mind,1995,0.0,0.0,1,120.876
455,1,The Police,"London, England",216.42404,When The World Is Running Down_ You Make The Best Of What's Still Around,Zenyatta Mondatta,0,0.0,0.0,1,123.657
456,1,Kinky,"Monterrey, Nuevo León, México",101.14567,My Bonnie Lies Over the Ocean,The Simple Life: Campfire Songs,0,0.0,0.0,1,144.954
457,1,The Real Kids,,222.11873,Now You Know,Senseless: Live At Cantone's_ 1982,1996,0.0,0.0,1,147.661
458,1,Eddie Boyd,"Stovall, MS",203.36281,I'm Sitting Here Waiting,Live In Switzerland,0,0.0,0.0,1,84.224
459,1,Tha Chamba,,281.75628,Korrupted - Remix,Don't Sleep,0,0.0,0.0,0,172.287
460,1,Jack Orsen & Taktlo$$,,200.51546,Sex Objekt,Direkt Aus Dem Knast (Du Spast),0,0.0,0.0,1,167.902
461,1,Olov Johansson_ Catriona Mckay,,469.68118,Rain / Ekoln,Foogy,0,0.0,0.0,1,74.046
462,1,Shriekback,"London, England",113.60608,Reason With The Beast,Cormorant,2005,0.0,0.0,1,100.15
463,1,Hatebreed,"New Haven, CT",136.95955,As Diehard As They Come (Album Version),Supremacy,2006,0.0,0.0,0,85.771
464,1,John Frizzell,,133.19791,No Unexpected Guests,Ghost Ship,2002,0.0,0.0,0,210.898
465,1,Sister Hazel,"Gainesville, FL",195.36934,Walls And Cannonballs (Album),Release,2010,0.0,0.0,1,140.259
466,1,J.J. Cale,"Oklahoma City, OK",202.94485,Trouble In The City,#8,1983,0.0,0.0,0,133.398
467,1,Precious Bryant,North Carolina,193.72363,Dark Angel,The Truth,2005,0.0,0.0,1,91.538
468,1,Kings Of Leon,"Nashville, Tennessee",466.65098,Knocked Up,Sex On Fire,2007,0.0,0.0,1,114.73
469,1,Selena,Texas,388.51873,Ven Conmigo/Perdoname (Live),La Leyenda,0,0.0,0.0,0,106.438
470,1,Brooke Valentine,"Houston, TX",261.53751,Taste Of Dis (Explicit Version),Chain Letter,2005,0.0,0.0,1,111.936
